88F7B33d2bcf9f5,vishal,Terrell,Male,elijah57@example.net
f90cD3E76f1A9b9,vishal,Summers,Female,bethany14@example.com
DbeAb8CcdfeFC2c,vishal,Travis,Male,bthompson@example.com
A31Bee3c201ef58,vishal,Martinez,Male,kaitlinkaiser@example.com
1bA7A3dc874da3c,vishal,Todd,Male,buchananmanuel@example.net
bfDD7CDEF5D865B,Erin,Day,Male,tconner@example.org
bE9EEf34cB72AF7,Katherine,Buck,Female,conniecowan@example.com
2EFC6A4e77FaEaC,Ricardo,Hinton,Male,wyattbishop@example.com
baDcC4DeefD8dEB,Dave,Farrell,Male,nmccann@example.net
8e4FB470FE19bF0,Isaiah,Downs,Male,virginiaterrell@example.org
BF0BbA03C29Bb3b,Sheila,Ross,Female,huangcathy@example.com
F738c69fB34E62E,Stacy,Newton,Male,rayleroy@example.org
C03fDADdAadAdCe,Mandy,Blake,Male,jefferynoble@example.org
b759b74BD1dE80d,Bridget,Nash,Female,mercedes44@example.com
1F0B7D65A00DAF9,Crystal,Farmer,Male,pmiranda@example.org
50Bb061cB30B461,Thomas,Knight,Female,braunpriscilla@example.net
D6dbA5308fEC4BC,Maurice,Rangel,Male,sheenabanks@example.com
311D775990f066d,Frank,Meadows,Male,gbrewer@example.org
7F7E1BAcb0C9AFf,Alvin,Paul,Male,gilbertdonaldson@example.com
88473e15D5c3cD0,Jared,Mitchell,Female,jcortez@example.com
b31D271F8c200AB,Jacqueline,Norton,Female,carias@example.net
42F4BdA841aBadC,Colleen,Hatfield,Female,fknox@example.org
cBbBcA0FCA3C4Bc,Randy,Barnes,Male,huangbill@example.org
f1f89173353aD90,Janice,Rhodes,Female,juarezdominique@example.net
c5B09fb33e8bA0A,Alfred,Mcneil,Female,cassandramorris@example.com
c9F2282C40BEC1E,Sean,Levine,Male,sallymiller@example.net
9c1bc7EC53Fb7cE,Louis,Payne,Male,bsullivan@example.net
ddEc50e2A2e3a2B,Brittney,Vega,Female,ayalajose@example.net
66F096D36Ebae11,Judy,Buckley,Male,irosales@example.net
F0fE2faAd78F8b5,Norman,Weber,Male,mconrad@example.com
5d2feAfbdCAA6B5,Isaiah,Camacho,Female,jimblake@example.org
cDa5F303fCd6dEa,Jacqueline,Gallagher,Male,nsampson@example.net
8Ef7DBfcaB02b6B,Bonnie,Andrews,Female,caitlin24@example.net
6Dec5b5542F8ed8,Brandon,Schmidt,Female,mconley@example.net
3Fb8a7f68e12784,Jackson,Sparks,Female,reynoldsdarryl@example.net
035eff50B9A0F24,Melody,Cook,Male,jeannovak@example.org
aa614aAE4B7Cf0C,Leonard,Hurst,Male,clinton78@example.org
ACcde95AAe3e6cC,Gene,Rich,Female,luisdeleon@example.org
b6a35de5CB6fc25,Cynthia,Wiggins,Female,rosariodave@example.org
e92A191E345fA3A,Tanya,Mckinney,Female,vickihouston@example.com
7D0AcBF6CCac3fd,Matthew,Stone,Female,evelyn31@example.org
CEFA7BBCef013AE,Kirk,Walsh,Female,stephenfuller@example.org
9edBC94aE7cA22a,Willie,Vang,Female,haleymathews@example.net
fFe7BAA737aDbe2,Miguel,Hill,Female,tyrone56@example.org
5F2f3fAca8B0946,Darren,Andrews,Male,lhernandez@example.com
6bFcfc3cc1BC6B4,Haley,Pugh,Female,molly03@example.org
f3BD2cBF7eEb6df,Danielle,Estrada,Female,jvang@example.org
Ee4eB129dC7913A,Becky,Brady,Male,erikmueller@example.org
dBCEf340C3657Eb,Caitlyn,Frey,Male,rivasdominique@example.org
E47FB71DD9ACCd9,Joshua,Sweeney,Male,daisymcgee@example.net
eA3fDd79BE9f0E7,Heidi,Escobar,Female,staffordtravis@example.net
aF0eE4547Bc025c,Brian,Oconnell,Female,saralong@example.net
9F5DeD7aD228F5a,Beverly,Esparza,Female,iphelps@example.net
D3Fa0220dDE4d36,Nathaniel,Rivas,Female,roberto29@example.com
60FdBFd5e7BE8fF,Debra,Payne,Female,yolanda07@example.org
D8bF5Ab2b98caff,Mackenzie,Rocha,Female,abbottyvette@example.net
CD8d33aA25bc8BB,Courtney,Watkins,Female,ochang@example.org
Fac3BfFf0A3d03c,Fred,Olsen,Female,amyanderson@example.com
e552D7ddafe1FFb,Ryan,Nelson,Female,qnorman@example.org
0f8deedb629A5f6,Grace,Phelps,Male,clarkeangela@example.net
bB9e49E506F65ed,Shari,Daugherty,Male,kalvarado@example.org
Ed724605A403D91,Kelli,Garner,Male,jodyvincent@example.org
0aBE5ACb18E0c10,Jackie,Bennett,Male,hutchinsonkirk@example.com
5D2cb63CaAF53f6,Leslie,Conway,Female,floreschristina@example.org
Ee6974f90eeCe18,Harold,Barnett,Female,nathan65@example.org
cEf02C076afa07f,Larry,Harper,Male,maria32@example.org
9Df5Ba591bF3EFf,Mike,Ward,Female,imccullough@example.com
3faB1CBfEFBDdD4,Brittney,Rubio,Female,corey92@example.com
Ebcefdf75eCb0a9,Frank,Pineda,Male,daltoncalvin@example.net
e75e5DBfcb68887,Sandra,Wu,Male,ubanks@example.com
6a53a8D41dDF6de,Ryan,Benton,Male,lopezdebbie@example.org
F0d3bD1aaf9E3Bc,Tamara,Hull,Male,meagan39@example.net
5bC87340799FBD0,Jean,Ritter,Female,kristina76@example.com
dBfA17Aaf16b4ab,Veronica,Briggs,Female,weissbridget@example.com
c935b7Eb6FA0B0F,Kim,Andrews,Female,wpetersen@example.org
b3e15e65Ca2CcBf,Tina,Cunningham,Male,wongmary@example.org
dade3452F0c32FD,Jonathon,Atkinson,Male,gailfrench@example.net
AdEd6cfD85DeC46,Jermaine,Reid,Female,vpaul@example.com
DAf111987098ae4,Regina,Stevens,Male,xpoole@example.net
6e6a5b885F6496d,Terrence,Huff,Male,cassandra80@example.org
12DCb4ED8E01D5C,Tyler,Foley,Female,johnathan72@example.org
E1cB5cA8CA7CC0a,Andrew,Waters,Male,nhall@example.net
AedDfaE8Cf49F07,Reginald,Stephenson,Male,erikaball@example.net
bff9853aFAeF772,Douglas,Reese,Female,nixonvanessa@example.net
E883773cA5219Be,Helen,Williamson,Female,melvin08@example.net
CB19EafEbBfF9eC,Mario,Vaughn,Male,oblake@example.com
5834700fbEd2771,Chelsea,Dickson,Male,johnnyhendricks@example.net
2b0Ab1Dc9E01D7E,Dustin,Bailey,Male,pbarron@example.net
3f3a3D89ad042Dd,Harry,Medina,Female,olsenmalik@example.net
9425E2F38C408ef,Kathy,Haney,Female,teresa37@example.com
F0aeC9c2759F3C6,Alison,Nixon,Female,zmiles@example.net
d6EA619A7C4aA95,Jamie,Hardy,Female,sheenadouglas@example.com
2A33E7Cad1bb0F5,Melody,Cox,Female,evan90@example.org
d181FFB7d3E68bb,Xavier,Cole,Male,nicolas90@example.org
feaBf8dAE0C0d6F,Dillon,Guzman,Female,angelanavarro@example.net
5eFda7caAeB260E,Dennis,Barnes,Female,bmartin@example.org
CCbFce93d3720bE,Steve,Patterson,Female,latasha46@example.net
2fEc528aFAF0b69,Wesley,Bray,Male,regina11@example.org
Adc7ad9B6e4A1Fe,Summer,Oconnell,Female,alexiscantrell@example.org
b8D0aD3490FC7e1,Mariah,Bernard,Male,pcopeland@example.org
